<?xml version="1.0" encoding="utf-8" ?>
<dwsync>
<file name="headerbg.jpg" server="test.dghs.gov.bd//var/www/html/orgregistry/" local="129901720000000000" remote="129990246430000000" />
<file name="menubg.jpg" server="test.dghs.gov.bd//var/www/html/orgregistry/" local="129901770640000000" remote="129990246440000000" />
<file name="gov_logo.gif" server="test.dghs.gov.bd//var/www/html/orgregistry/" local="129942375320000000" remote="129990246430000000" />
<file name="lock.gif" server="test.dghs.gov.bd//var/www/html/orgregistry/" local="129990145470000000" remote="129990246430000000" />
<file name="nav-right-x2.gif" server="test.dghs.gov.bd//var/www/html/orgregistry/" local="129990145470000000" remote="129990246440000000" />
<file name="cake.power.gif" server="test.dghs.gov.bd//var/www/html/orgregistry/" local="129990145460000000" remote="129990246360000000" />
<file name="test-pass-icon.png" server="test.dghs.gov.bd//var/www/html/orgregistry/" local="129990145480000000" remote="129990246450000000" />
<file name="cake.icon.png" server="test.dghs.gov.bd//var/www/html/orgregistry/" local="129874860060000000" remote="129990246360000000" />
<file name="loader.gif" server="test.dghs.gov.bd//var/www/html/orgregistry/" local="129990145470000000" remote="129990246430000000" />
<file name="btn_forgot_password.gif" server="test.dghs.gov.bd//var/www/html/orgregistry/" local="129990145460000000" remote="129990246360000000" />
<file name="login_bg.jpg" server="test.dghs.gov.bd//var/www/html/orgregistry/" local="129990145470000000" remote="129990246440000000" />
<file name="trash.gif" server="test.dghs.gov.bd//var/www/html/orgregistry/" local="129990145480000000" remote="129990246450000000" />
<file name="nav-left-x2.gif" server="test.dghs.gov.bd//var/www/html/orgregistry/" local="129990145470000000" remote="129990246440000000" />
<file name="treeview-famfamfam-line.gif" server="test.dghs.gov.bd//var/www/html/orgregistry/" local="129976956660000000" remote="129990246460000000" />
<file name="treeview-famfamfam.gif" server="test.dghs.gov.bd//var/www/html/orgregistry/" local="129976956660000000" remote="129990246460000000" />
<file name="test-skip-icon.png" server="test.dghs.gov.bd//var/www/html/orgregistry/" local="129990145480000000" remote="129990246450000000" />
<file name="menubgseperator.jpg" server="test.dghs.gov.bd//var/www/html/orgregistry/" local="129990145470000000" remote="129990246440000000" />
<file name="treeview-gray-line.gif" server="test.dghs.gov.bd//var/www/html/orgregistry/" local="129976956660000000" remote="129990246460000000" />
<file name="e2.jpg" server="test.dghs.gov.bd//var/www/html/orgregistry/" local="129990145460000000" remote="129990246430000000" />
<file name="ajax-loader.gif" server="test.dghs.gov.bd//var/www/html/orgregistry/" local="129767368260000000" remote="129990246360000000" />
<file name="drop-down.gif" server="test.dghs.gov.bd//var/www/html/orgregistry/" local="129990145460000000" remote="129990246430000000" />
<file name="Thumbs.db" server="test.dghs.gov.bd//var/www/html/orgregistry/" local="129990145480000000" remote="129990246450000000" />
<file name="drop-up.gif" server="test.dghs.gov.bd//var/www/html/orgregistry/" local="129990145460000000" remote="129990246430000000" />
<file name="btn_login.gif" server="test.dghs.gov.bd//var/www/html/orgregistry/" local="129973470470000000" remote="129990246360000000" />
<file name="treeview-black-line.gif" server="test.dghs.gov.bd//var/www/html/orgregistry/" local="129976956660000000" remote="129990246450000000" />
<file name="test-fail-icon.png" server="test.dghs.gov.bd//var/www/html/orgregistry/" local="129990145480000000" remote="129990246450000000" />
<file name="cool-bg.png" server="test.dghs.gov.bd//var/www/html/orgregistry/" local="129990145460000000" remote="129990246420000000" />
<file name="nav-left.gif" server="test.dghs.gov.bd//var/www/html/orgregistry/" local="129990145470000000" remote="129990246440000000" />
<file name="notify_icon.png" server="test.dghs.gov.bd//var/www/html/orgregistry/" local="129990145470000000" remote="129990246440000000" />
<file name="treeview-default-line.gif" server="test.dghs.gov.bd//var/www/html/orgregistry/" local="129976956660000000" remote="129990246450000000" />
<file name="nav-right.gif" server="test.dghs.gov.bd//var/www/html/orgregistry/" local="129990145470000000" remote="129990246440000000" />
<file name="test-error-icon.png" server="test.dghs.gov.bd//var/www/html/orgregistry/" local="129990145480000000" remote="129990246450000000" />
<file name="time-down.png" server="test.dghs.gov.bd//var/www/html/orgregistry/" local="129990145480000000" remote="129990246450000000" />
<file name="treeview-default.gif" server="test.dghs.gov.bd//var/www/html/orgregistry/" local="129976956660000000" remote="129990246460000000" />
<file name="cool-bg-inv.png" server="test.dghs.gov.bd//var/www/html/orgregistry/" local="129990145460000000" remote="129990246370000000" />
<file name="cool-bg-hard.png" server="test.dghs.gov.bd//var/www/html/orgregistry/" local="129990145460000000" remote="129990246370000000" />
<file name="treeview-black.gif" server="test.dghs.gov.bd//var/www/html/orgregistry/" local="129976956660000000" remote="129990246450000000" />
<file name="time-up.png" server="test.dghs.gov.bd//var/www/html/orgregistry/" local="129990145480000000" remote="129990246450000000" />
<file name="cool-bg-hard-inv.png" server="test.dghs.gov.bd//var/www/html/orgregistry/" local="129990145460000000" remote="129990246370000000" />
<file name="Untitled.png" server="test.dghs.gov.bd//var/www/html/orgregistry/" local="129990145490000000" remote="129990246460000000" />
<file name="treeview-gray.gif" server="test.dghs.gov.bd//var/www/html/orgregistry/" local="129976956660000000" remote="129990246460000000" />
<file name="blank.gif" server="test.dghs.gov.bd//var/www/html/orgregistry/" local="129990122550000000" remote="129990246360000000" />
<file name="prev.gif" server="test.dghs.gov.bd//var/www/html/orgregistry/" local="129990122550000000" remote="129990246440000000" />
<file name="next.gif" server="test.dghs.gov.bd//var/www/html/orgregistry/" local="129990122550000000" remote="129990246440000000" />
<file name="close.gif" server="test.dghs.gov.bd//var/www/html/orgregistry/" local="129990145460000000" remote="129990246360000000" />
<file name="closelabel.gif" server="test.dghs.gov.bd//var/www/html/orgregistry/" local="129990145460000000" remote="129990246370000000" />
<file name="loading.gif" server="test.dghs.gov.bd//var/www/html/orgregistry/" local="129990145470000000" remote="129990246430000000" />
<file name="nextlabel.gif" server="test.dghs.gov.bd//var/www/html/orgregistry/" local="129990145470000000" remote="129990246440000000" />
<file name="prevlabel.gif" server="test.dghs.gov.bd//var/www/html/orgregistry/" local="129990145470000000" remote="129990246440000000" />
</dwsync>